share_of_cards_top,share_of_views
0.00017516202487300754,0.0773474832064262
0.0021019442984760903,0.26689988327059183
0.004028726572079173,0.36825572865449213
0.005955508845682256,0.4393913047966768
0.007882291119285338,0.4878369223862086
0.009809073392888421,0.5271929276746218
0.011735855666491504,0.5606445618431368
0.013662637940094587,0.5901907863764102
0.01558942021369767,0.616942669579921
0.017516202487300753,0.6403487424821562
0.019442984760903836,0.6609740541968189
0.02136976703450692,0.6797461528044245
0.023296549308110003,0.6971327002978482
0.025223331581713086,0.7128496878306352
0.02715011385531617,0.727474592672718
0.02907689612891925,0.7413195808658588
0.031003678402522335,0.754173152218396
0.032930460676125414,0.7658796113970313
0.0348572429497285,0.7768691143901899
0.03678402522333158,0.787286589893153
0.03871080749693467,0.7970165956205171
0.040637589770537746,0.8061133192195853
0.04256437204414083,0.8149134728945124
0.04449115431774391,0.8231318071985786
0.046417936591347,0.8307702938000625
0.04834471886495008,0.8379173476214448
0.05027150113855316,0.8445411118201979
0.052198283412156245,0.8507211177347597
0.054125065685759324,0.856450564217247
0.05605184795936241,0.8616803589428748
0.05797863023296549,0.8666641382051735
0.05990541250656858,0.8714827182499987
0.061832194780171656,0.8759975506120047
0.06375897705377474,0.880277975984593
0.06568575932737783,0.8844458611902554
0.0676125416009809,0.8883779215776253
0.06953932387458399,0.8920660489378257
0.07146610614818708,0.8956005412473115
0.07339288842179016,0.898988399036151
0.07531967069539323,0.9022169726123535
0.07724645296899632,0.9052784639171081
0.07917323524259941,0.9082215665108289
0.0811000175162025,0.9110347162267568
0.08302679978980557,0.9137205493404559
0.08495358206340865,0.9162465000949613
0.08688036433701174,0.9186628792617472
0.08880714661061481,0.9209282818069582
0.0907339288842179,0.92309133483028
0.09266071115782099,0.9251844711672204
0.09458749343142407,0.9272060514531428
0.09651427570502714,0.9291418973993009
0.09844105797863023,0.9309823943536383
0.10036784025223332,0.9327590225478877
0.1022946225258364,0.9344623002514497
0.10422140479943948,0.9361190997522144
0.10614818707304256,0.9377272943068699
0.10807496934664565,0.9392688065972641
0.11000175162024874,0.9407466273561796
0.11192853389385181,0.942165630370373
0.1138553161674549,0.9435358733634239
0.11578209844105798,0.9448560271207624
0.11770888071466107,0.9461301900539791
0.11963566298826414,0.9473702143263234
0.12156244526186723,0.9485738181194499
0.12348922753547031,0.9497393620687222
0.1254160098090734,0.9508668240205643
0.1273427920826765,0.9519602359258386
0.12926957435627956,0.9530043339705662
0.13119635662988263,0.9540239966207821
0.13312313890348573,0.9550144830111867
0.1350499211770888,0.9559745082343624
0.13697670345069188,0.956903385529448
0.13890348572429498,0.9577960860346536
0.14083026799789805,0.9586612717982606
0.14275705027150115,0.9595053008966283
0.14468383254510422,0.9603287050155852
0.1466106148187073,0.961122711338969
0.1485373970923104,0.9618950071577097
0.15046417936591347,0.9626497794977027
0.15239096163951654,0.9633912375384196
0.15431774391311964,0.9641090355597907
0.15624452618672272,0.9648037495547962
0.1581713084603258,0.9654771075023773
0.1600980907339289,0.9661322109031971
0.16202487300753196,0.9667721169507667
0.16395165528113506,0.9673981327060799
0.16587843755473813,0.968010014479799
0.1678052198283412,0.9686096231723217
0.1697320021019443,0.9691952751118595
0.17165878437554738,0.9697649543229813
0.17358556664915045,0.9703161574515802
0.17551234892275355,0.9708542456630885
0.17743913119635663,0.9713799057183675
0.17936591346995973,0.9718933148460264
0.1812926957435628,0.9723940521281179
0.18321947801716587,0.9728851082974248
0.18514626029076897,0.9733616760279188
0.18707304256437204,0.9738262143665543
0.18899982483797512,0.9742806285208817
0.19092660711157822,0.9747242095764638
0.1928533893851813,0.9751591064301884
0.19478017165878436,0.9755857843071555
0.19670695393238746,0.9760048856610735
0.19863373620599054,0.976411957623133
0.20056051847959364,0.9768103453833354
0.2024873007531967,0.9771996280237333
0.20441408302679978,0.9775783655618759
0.20634086530040288,0.977946779533525
0.20826764757400595,0.9783077942107344
0.21019442984760903,0.9786613209791996
0.21212121212121213,0.9790084675177287
0.2140479943948152,0.9793495439763884
0.2159747766684183,0.979684240205112
0.21790155894202137,0.9800112934500582
0.21982834121562445,0.9803314126256643
0.22175512348922755,0.9806469017038515
0.22368190576283062,0.9809578049917723
0.2256086880364337,0.9812625938926711
0.2275354703100368,0.981562331778204
0.22946225258363986,0.9818569078804901
0.23138903485724294,0.9821459677423107
0.23331581713084604,0.9824307076567788
0.2352425994044491,0.9827111276238945
0.2371693816780522,0.9829846356752462
0.23909616395165528,0.983251231810834
0.24102294622525836,0.983512666163175
0.24294972849886146,0.9837692931894878
0.24487651077246453,0.9840216224220243
0.2468032930460676,0.9842695209393276
0.2487300753196707,0.984509998008615
0.2506568575932738,0.9847449366838609
0.2525836398668769,0.9849742261971842
0.2545104221404799,0.9851986862309033
0.256437204414083,0.985417231259786
0.2583639866876861,0.9856293074444279
0.26029076896128917,0.9858358230814521
0.26221755123489227,0.986036977553044
0.26414433350849537,0.9862356286705292
0.26607111578209847,0.9864322416590069
0.2679978980557015,0.986625442996755
0.2699246803293046,0.9868154763731113
0.2718514626029077,0.9870024082488044
0.27377824487651076,0.9871840232662173
0.27570502715011386,0.9873624260150863
0.27763180942371696,0.9875371955774639
0.27955859169732,0.9877086199498403
0.2814853739709231,0.9878780061932094
0.2834121562445262,0.9880441580144582
0.28533893851812925,0.988207097567163
0.28726572079173235,0.988366891312052
0.28919250306533545,0.9885241817028342
0.2911192853389385,0.9886799213432848
0.2930460676125416,0.9888329360938668
0.2949728498861447,0.9889822955043814
0.29689963215974774,0.9891284426463519
0.29882641443335084,0.9892718870520301
0.30075319670695394,0.9894132490215486
0.30267997898055704,0.9895524620941789
0.3046067612541601,0.9896895484234972
0.3065335435277632,0.9898247073916892
0.3084603258013663,0.9899584706845825
0.31038710807496933,0.9900900629270115
0.31231389034857243,0.9902192625832147
0.31424067262217553,0.9903460918067679
0.3161674548957786,0.9904716361229036
0.3180942371693817,0.9905952087707603
0.3200210194429848,0.9907176294326564
0.3219478017165878,0.990838255654883
0.3238745839901909,0.9909565779051884
0.325801366263794,0.9910725740299963
0.32772814853739707,0.9911871080187771
0.32965493081100017,0.9913002463322594
0.33158171308460327,0.9914120111240196
0.3335084953582063,0.9915221143975671
0.3354352776318094,0.9916303789242928
0.3373620599054125,0.991736716089892
0.3392888421790156,0.9918409043586032
0.34121562445261866,0.9919439184877774
0.34314240672622176,0.9920454483273485
0.34506918899982486,0.992144762809303
0.3469959712734279,0.9922423493123165
0.348922753547031,0.9923382299899651
0.3508495358206341,0.992432958681653
0.35277631809423715,0.9925262916980426
0.35470310036784025,0.9926183841141668
0.35662988264144335,0.9927093245443303
0.3585566649150464,0.9927988914527714
0.3604834471886495,0.9928874836038614
0.3624102294622526,0.9929745028510434
0.36433701173585564,0.99305999350147
0.36626379400945874,0.9931447309303069
0.36819057628306184,0.9932285600625209
0.3701173585566649,0.9933113036695028
0.372044140830268,0.9933928288297956
0.3739709231038711,0.9934734678470417
0.3758977053774742,0.9935532428748173
0.37782448765107723,0.9936320209916654
0.37975126992468033,0.9937094477403674
0.38167805219828344,0.9937858775781419
0.3836048344718865,0.9938614877335981
0.3855316167454896,0.9939363668210409
0.3874583990190927,0.9940104483797417
0.3893851812926957,0.9940835994882435
0.3913119635662988,0.9941559973751557
0.3932387458399019,0.9942272432761071
0.39516552811350497,0.9942973814982503
0.39709231038710807,0.9943663898880091
0.39901909266071117,0.9944347115169065
0.4009458749343142,0.9945024793063999
0.4028726572079173,0.994569693256489
0.4047994394815204,0.9946356887598891
0.40672622175512346,0.9947011082703088
0.40865300402872656,0.994765530869801
0.41057978630232966,0.9948292224012797
0.41250656857593276,0.9948917841003739
0.4144333508495358,0.9949533488885407
0.4163601331231389,0.9950141604551177
0.418286915396742,0.9950740858786482
0.42021369767034505,0.995133280234165
0.42214047994394815,0.9951918542895494
0.42406726221755126,0.9952493871268537
0.4259940444911543,0.9953056129031643
0.4279208267647574,0.9953611297650377
0.4298476090383605,0.9954157161767119
0.43177439131196355,0.9954696379811012
0.43370117358556665,0.9955226957960199
0.43562795585916975,0.9955748896214682
0.4375547381327728,0.9956262416110222
0.4394815204063759,0.9956770397611721
0.441408302679979,0.9957272397647654
0.44333508495358204,0.995776686546769
0.44526186722718514,0.9958254687214877
0.44718864950078824,0.9958737635175307
0.44911543177439134,0.995921438013441
0.4510422140479944,0.995968137752
0.4529689963215975,0.9960141950368502
0.4548957785952006,0.99605967632872
0.45682256086880363,0.9961045373204571
0.45874934314240673,0.996148822319214
0.46067612541600983,0.996192464864262
0.4626029076896129,0.9962353320341443
0.464529689963216,0.9962775789038938
0.4664564722368191,0.99631938270212
0.4683832545104221,0.9963603225108757
0.4703100367840252,0.9964006420194987
0.4722368190576283,0.9964404741494461
0.47416360133123137,0.996479841054294
0.47609038360483447,0.9965183439696714
0.47801716587843757,0.9965561379706115
0.4799439481520406,0.9965933781321473
0.4818707304256437,0.9966299758399745
0.4837975126992468,0.9966661969370066
0.4857242949728499,0.9967019749625156
0.48765107724645296,0.9967373320700773
0.48957785952005606,0.9967722239525396
0.49150464179365916,0.9968067613777832
0.4934314240672622,0.9968409664993843
0.4953582063408653,0.9968747507030382
0.4972849886144684,0.9969080475280164
0.49921177088807145,0.9969410563565045
0.5011385531616745,0.996973710727774
0.5030653354352776,0.9970059884882486
0.5049921177088808,0.9970377567164713
0.5069188999824839,0.9970690818731708
0.5088456822560868,0.9970998531904661
0.5107724645296899,0.9971305358934567
0.512699246803293,0.9971608419856525
0.5146260290768961,0.9971909043885104
0.5165528113504992,0.997220501566269
0.5184795936241023,0.9972497442868087
0.5204063758977053,0.9972786768572822
0.5223331581713084,0.9973072771241132
0.5242599404449115,0.9973356337016063
0.5261867227185146,0.9973635693611522
0.5281135049921177,0.9973912391777842
0.5300402872657208,0.9974186653050784
0.5319670695393238,0.9974459142037632
0.5338938518129269,0.9974728529523816
0.53582063408653,0.9974995037045099
0.5377474163601331,0.9975256670779625
0.5396741986337362,0.9975515867620774
0.5416009809073393,0.997577218449702
0.5435277631809424,0.9976025621408365
0.5454545454545454,0.997627772910514
0.5473813277281485,0.9976527178372775
0.5493081100017516,0.9976773747675508
0.5512348922753547,0.9977017880084863
0.5531616745489578,0.9977260461743886
0.5550884568225609,0.9977500828045294
0.5570152390961639,0.9977738978989084
0.558942021369767,0.997797535764678
0.5608688036433701,0.9978208856339574
0.5627955859169732,0.997843969660323
0.5647223681905763,0.9978668321509269
0.5666491504641794,0.9978893623378882
0.5685759327377824,0.9979116266819354
0.5705027150113855,0.9979335587223404
0.5724294972849886,0.9979552692269835
0.5743562795585917,0.9979768246565935
0.5762830618321948,0.9979980920897134
0.5782098441057979,0.9980190493727669
0.580136626379401,0.998039807273635
0.582063408653004,0.9980603879458936
0.5839901909266071,0.9980806806216621
0.5859169732002102,0.9981007074545166
0.5878437554738133,0.9981204905980333
0.5897705377474164,0.9981400300522122
0.5916973200210195,0.9981593922777817
0.5936241022946225,0.9981786437354704
0.5955508845682256,0.9981976958109736
0.5974776668418287,0.998216637118596
0.5994044491154318,0.9982353790440329
0.6013312313890349,0.9982538994337081
0.603258013662638,0.9982722647483501
0.605184795936241,0.998290474987959
0.6071115782098441,0.9983085079989585
0.6090383604834472,0.9983263416277726
0.6109651427570503,0.9983440423351296
0.6128919250306534,0.9983615879674534
0.6148187073042565,0.9983791335997774
0.6167454895778596,0.9983964355427634
0.6186722718514626,0.9984135381035639
0.6205990541250657,0.9984305298964836
0.6225258363986688,0.9984473444607941
0.6244526186722719,0.9984640482572236
0.626379400945875,0.9984806191321961
0.6283061832194781,0.9984970349321355
0.630232965493081,0.9985133621177702
0.6321597477666842,0.9985294456140671
0.6340865300402873,0.998545529110364
0.6360133123138904,0.9985614575316277
0.6379400945874935,0.9985772973385868
0.6398668768610966,0.9985931149919697
0.6417936591346995,0.9986087111095909
0.6437204414083026,0.9986241521521789
0.6456472236819057,0.9986395045804624
0.6475740059555088,0.998654768394441
0.649500788229112,0.9986698771333866
0.651427570502715,0.9986848972580276
0.6533543527763181,0.9986997623076352
0.6552811350499211,0.998714494435786
0.6572079173235242,0.9987291157960558
0.6591346995971273,0.9987434934669879
0.6610614818707304,0.99875787113792
0.6629882641443335,0.9987720272730903
0.6649150464179366,0.9987861612546847
0.6668418286915396,0.9988001180076695
0.6687686109651427,0.998814008299926
0.6706953932387458,0.9988277435171492
0.6726221755123489,0.9988413901200678
0.674548957785952,0.9988549038015293
0.6764757400595551,0.9988683067151101
0.6784025223331581,0.9988816431679622
0.6803293046067612,0.9988948023922052
0.6822560868803643,0.9989079616164481
0.6841828691539674,0.9989208771513531
0.6861096514275705,0.9989337040719536
0.6880364337011736,0.9989463759175208
0.6899632159747767,0.9989590477630881
0.6918899982483797,0.9989716309943506
0.6938167805219828,0.9989840591505801
0.6957435627955859,0.9989964873068095
0.697670345069189,0.9990087382344296
0.6995971273427921,0.9990209227013211
0.7015239096163952,0.9990330628610604
0.7034506918899982,0.9990450036386141
0.7053774741636013,0.9990569444161679
0.7073042564372044,0.9990686858115361
0.7092310387108075,0.999080382899752
0.7111578209844106,0.9990920799879679
0.7130846032580137,0.999103533386846
0.7150113855316167,0.999114964632148
0.7169381678052198,0.9991261743416882
0.7188649500788229,0.9991373840512284
0.720791732352426,0.9991484829928878
0.7227185146260291,0.9991594490130903
0.7246452968996322,0.9991704150332927
0.7265720791732353,0.9991812481320381
0.7284988614468383,0.9991919704629028
0.7304256437204414,0.9992026041794627
0.7323524259940445,0.9992130828209894
0.7342792082676476,0.999223406387483
0.7362059905412507,0.999233641339672
0.7381327728148538,0.9992438762918608
0.7400595550884568,0.9992540447833212
0.7419863373620599,0.9992640360461724
0.743913119635663,0.9992740273090235
0.7458399019092661,0.9992838413432652
0.7477666841828692,0.9992935889167786
0.7496934664564723,0.9993033364902918
0.7516202487300753,0.9993130619102288
0.7535470310036784,0.9993225657944043
0.7554738132772815,0.9993320696785798
0.7574005955508846,0.9993415735627552
0.7593273778244877,0.9993509223718975
0.7612541600980908,0.9993601825667351
0.7631809423716939,0.9993694427615727
0.7651077246452969,0.999378547881377
0.7670345069189,0.9993875643868768
0.7689612891925031,0.9993965808923766
0.7708880714661062,0.9994055973978764
0.7728148537397093,0.9994145252890715
0.7747416360133124,0.9994232981052334
0.7766684182869154,0.9994320487678192
0.7785952005605185,0.9994405778946434
0.7805219828341216,0.9994491070214674
0.7824487651077247,0.9994576361482915
0.7843755473813278,0.9994659658929301
0.7863023296549309,0.9994742513304165
0.7882291119285338,0.9994825367679027
0.7901558942021369,0.9994907335910843
0.79208267647574,0.9994987753392327
0.7940094587493431,0.9995068170873812
0.7959362410229462,0.9995148145283773
0.7978630232965493,0.9995226125871879
0.7997898055701524,0.9995304106459985
0.8017165878437554,0.9995382087048091
0.8036433701173585,0.999545918149315
0.8055701523909616,0.9995534725187878
0.8074969346645647,0.9995610268882607
0.8094237169381678,0.9995685147970049
0.8113504992117709,0.9995758254771399
0.8132772814853739,0.9995831361572748
0.815204063758977,0.9995904468374097
0.8171308460325801,0.9995977575175446
0.8190576283061832,0.9996048245083418
0.8209844105797863,0.9996118914991389
0.8229111928533894,0.9996189584899361
0.8248379751269924,0.9996258704057
0.8267647574005955,0.9996326937071592
0.8286915396741986,0.9996395170086185
0.8306183219478017,0.9996463403100778
0.8325451042214048,0.9996529863829278
0.8344718864950079,0.9996595659950492
0.836398668768611,0.9996661456071707
0.838325451042214,0.9996727252192922
0.8402522333158171,0.9996791497563804
0.8421790155894202,0.999685485679164
0.8441057978630233,0.9996918216019477
0.8460325801366264,0.9996981575247313
0.8479593624102295,0.9997043383724817
0.8498861446838325,0.9997104306059276
0.8518129269574356,0.9997165228393734
0.8537397092310387,0.9997226150728191
0.8556664915046418,0.9997285300776556
0.8575932737782449,0.9997343786217635
0.859520056051848,0.9997402271658715
0.861446838325451,0.9997460757099794
0.8633736205990541,0.9997518134862066
0.8653004028726572,0.9997574183409768
0.8672271851462603,0.9997630231957468
0.8691539674198634,0.999768628050517
0.8710807496934665,0.9997742107517109
0.8730075319670696,0.9997795719171433
0.8749343142406726,0.9997849330825755
0.8768610965142757,0.9997902942480078
0.8787878787878788,0.9997956554134401
0.8807146610614819,0.9998008836574154
0.882641443335085,0.9998060011335099
0.8845682256086881,0.9998111186096044
0.8864950078822911,0.9998160367035133
0.8884217901558942,0.9998209104902699
0.8903485724294973,0.9998257842770266
0.8922753547031004,0.9998306580637832
0.8942021369767035,0.999835421082659
0.8961289192503066,0.9998400511800778
0.8980557015239096,0.9998446812774966
0.8999824837975127,0.9998493113749154
0.9019092660711158,0.9998539414723342
0.9038360483447189,0.9998583278804152
0.905762830618322,0.9998627142884962
0.9076896128919251,0.9998671006965771
0.9096163951655282,0.9998714871046581
0.9115431774391312,0.9998757184377058
0.9134699597127343,0.999879861156449
0.9153967419863374,0.9998840038751922
0.9173235242599405,0.9998881465939353
0.9192503065335436,0.9998921785447976
0.9211770888071467,0.999896077574203
0.9231038710807496,0.9998999766036082
0.9250306533543527,0.9999038756330135
0.9269574356279559,0.9999076860481142
0.928884217901559,0.9999113413881816
0.930811000175162,0.9999149967282491
0.9327377824487652,0.9999186520683165
0.9346645647223681,0.9999221966405032
0.9365913469959712,0.9999256082912329
0.9385181292695743,0.9999290199419625
0.9404449115431774,0.9999324315926922
0.9423716938167805,0.9999357767826933
0.9442984760903836,0.9999389447440851
0.9462252583639867,0.999942112705477
0.9481520406375897,0.9999452363597164
0.9500788229111928,0.9999481606317704
0.9520056051847959,0.9999510849038243
0.953932387458399,0.9999540091758783
0.9558591697320021,0.9999569334479324
0.9577859520056052,0.9999597469521054
0.9597127342792082,0.9999624275348216
0.9616395165528113,0.9999651081175377
0.9635662988264144,0.9999677887002539
0.9654930811000175,0.9999704028222416
0.9674198633736206,0.9999728397156199
0.9693466456472237,0.9999752766089982
0.9712734279208267,0.9999776027344957
0.9732002101944298,0.9999797959385361
0.9751269924680329,0.9999819891425766
0.977053774741636,0.9999841601930409
0.9789805570152391,0.9999861097077436
0.9809073392888422,0.9999879927617178
0.9828341215624452,0.9999896985870825
0.9847609038360483,0.9999914044124474
0.9866876861096514,0.9999930216235076
0.9886144683832545,0.9999944837595346
0.9905412506568576,0.9999959458955615
0.9924680329304607,0.999997208649403
0.9943948152040638,0.9999982498674829
0.9963215974776668,0.9999990473962248
0.9982483797512699,0.9999997120035098
